{
    "plddts": {
        "model_1": 94.14951389990158,
        "model_2": 93.86713408731582
    },
    "order": [
        "model_1",
        "model_2"
    ]
}