{
    "plddts": {
        "model_1_ptm_pred_0": 91.51640909393035,
        "model_2_ptm_pred_0": 93.35758517602068,
        "model_3_ptm_pred_0": 92.9719924625855,
        "model_4_ptm_pred_0": 93.94373176323109,
        "model_5_ptm_pred_0": 90.65252283472739
    },
    "order": [
        "model_4_ptm_pred_0",
        "model_2_ptm_pred_0",
        "model_3_ptm_pred_0",
        "model_1_ptm_pred_0",
        "model_5_ptm_pred_0"
    ]
}