{
    "plddts": {
        "model_1": 92.7293684557095,
        "model_2": 92.9238119378671
    },
    "order": [
        "model_2",
        "model_1"
    ]
}