{
    "plddts": {
        "model_1": 94.80481369160071,
        "model_2": 95.19869015118427
    },
    "order": [
        "model_2",
        "model_1"
    ]
}