{
    "plddts": {
        "model_1": 93.82207090975193,
        "model_2": 93.89639135842526
    },
    "order": [
        "model_2",
        "model_1"
    ]
}