{
    "plddts": {
        "model_1": 94.12088955117407,
        "model_2": 93.91316131320333
    },
    "order": [
        "model_1",
        "model_2"
    ]
}