{
    "plddts": {
        "model_1": 95.50063150193068,
        "model_2": 95.46374240470449
    },
    "order": [
        "model_1",
        "model_2"
    ]
}