{
    "plddts": {
        "model_1_ptm_pred_0": 95.2125828740063,
        "model_2_ptm_pred_0": 95.17790488084889,
        "model_3_ptm_pred_0": 94.9758116395934,
        "model_4_ptm_pred_0": 93.97011396408911,
        "model_5_ptm_pred_0": 94.2033970955824
    },
    "order": [
        "model_1_ptm_pred_0",
        "model_2_ptm_pred_0",
        "model_3_ptm_pred_0",
        "model_5_ptm_pred_0",
        "model_4_ptm_pred_0"
    ]
}