{
    "plddts": {
        "model_1": 92.81715028346878,
        "model_2": 92.74419622030449
    },
    "order": [
        "model_1",
        "model_2"
    ]
}