{
    "plddts": {
        "model_1_ptm_pred_0": 95.30991964252837,
        "model_2_ptm_pred_0": 94.80172784590584,
        "model_3_ptm_pred_0": 90.43625433555873,
        "model_4_ptm_pred_0": 91.44878226506287,
        "model_5_ptm_pred_0": 90.2371340571833
    },
    "order": [
        "model_1_ptm_pred_0",
        "model_2_ptm_pred_0",
        "model_4_ptm_pred_0",
        "model_3_ptm_pred_0",
        "model_5_ptm_pred_0"
    ]
}