{
    "plddts": {
        "model_1": 95.65431279250096,
        "model_2": 95.70837252433112
    },
    "order": [
        "model_2",
        "model_1"
    ]
}