{
    "plddts": {
        "model_1": 85.77331232900463,
        "model_2": 88.5173541620762
    },
    "order": [
        "model_2",
        "model_1"
    ]
}