{
    "plddts": {
        "model_1": 96.81928853986868,
        "model_2": 96.92532826080466
    },
    "order": [
        "model_2",
        "model_1"
    ]
}