{
    "plddts": {
        "model_1": 96.53234551973767,
        "model_2": 96.24469914218922
    },
    "order": [
        "model_1",
        "model_2"
    ]
}