{
    "plddts": {
        "model_1": 93.81678636927859,
        "model_2": 93.61812054115421
    },
    "order": [
        "model_1",
        "model_2"
    ]
}