{
    "plddts": {
        "model_1": 86.07647682838908,
        "model_2": 87.04669420292669
    },
    "order": [
        "model_2",
        "model_1"
    ]
}