{
    "plddts": {
        "model_1": 95.44871570795158,
        "model_2": 96.01173715874324
    },
    "order": [
        "model_2",
        "model_1"
    ]
}