{
    "plddts": {
        "model_1_ptm_pred_0": 94.477048154129,
        "model_2_ptm_pred_0": 94.54370433969855,
        "model_3_ptm_pred_0": 95.11537076067408,
        "model_4_ptm_pred_0": 94.65001865599714,
        "model_5_ptm_pred_0": 94.68238958945065
    },
    "order": [
        "model_3_ptm_pred_0",
        "model_5_ptm_pred_0",
        "model_4_ptm_pred_0",
        "model_2_ptm_pred_0",
        "model_1_ptm_pred_0"
    ]
}