{
    "plddts": {
        "model_1": 94.76760888588785,
        "model_2": 95.08507592977308
    },
    "order": [
        "model_2",
        "model_1"
    ]
}