{
    "plddts": {
        "model_1": 96.00100787147456,
        "model_2": 96.16878721797804
    },
    "order": [
        "model_2",
        "model_1"
    ]
}