{
    "plddts": {
        "model_1": 92.40920144537992,
        "model_2": 92.00915887590762
    },
    "order": [
        "model_1",
        "model_2"
    ]
}