{
    "plddts": {
        "model_1": 90.68101501562465,
        "model_2": 90.47478897475864
    },
    "order": [
        "model_1",
        "model_2"
    ]
}