{
    "plddts": {
        "model_1": 91.80622950659263,
        "model_2": 94.9475779843392
    },
    "order": [
        "model_2",
        "model_1"
    ]
}