{
    "plddts": {
        "model_1": 93.73019857226552,
        "model_2": 93.93855623302161
    },
    "order": [
        "model_2",
        "model_1"
    ]
}